Fuel Model start,Canopy Closure start,Canopy Height start,Canopy Base Height start,Canopy Bulk Density start,Covertype start,Stand Density Index start,Succession Class start,Maximum Time in State start,Stand Volume Age start,Fuel Model end,Canopy Closure end,Canopy Height end,Canopy Base Height end,Canopy Bulk Density end,Covertype end,Stand Density Index end,Succession Class end,Maximum Time in State end,Stand Volume Age end,column 1,column 2,column 3,column 4,
130.011288678,27.4871670222,475.19681323,29.6549113633,5.17117748117,57.4973352338,24.5366554022,25.8858577659,263.886173989,263.886173989,130.011288678,27.4871670222,475.19681323,29.6549113633,5.17117748117,57.4973352338,24.5366554022,25.8858577659,263.886173989,263.886173989,1,2,3,4,
130.011288678,27.4871670222,475.19681323,29.6549113633,5.17117748117,57.4973352338,24.5366554022,25.8858577659,263.886173989,263.886173989,130.011288678,27.4871670222,475.19681323,29.6549113633,5.17117748117,57.4973352338,24.5366554022,25.8858577659,263.886173989,263.886173989,5,6,7,8,
